Order,Artist Name,Lead Streams,Feats,Tracks,One Billion,100 Million,Last Updated
1,Drake,"50,16,22,92,808","19,24,65,13,666",262,6,130,19.09.22
2,Bad Bunny,"44,36,90,32,140","5,39,19,90,975",163,5,118,20.09.22
3,Ed Sheeran,"38,15,36,82,361","2,79,12,78,201",240,10,62,19.09.22
4,The Weeknd,"34,76,77,79,741","4,28,89,03,657",186,8,72,19.09.22
5,Taylor Swift,"32,59,67,28,109","42,40,53,296",323,1,96,20.09.22
6,Justin Bieber,"32,46,59,98,885","10,81,62,02,075",225,6,58,20.09.22
7,Ariana Grande,"32,28,76,82,040","2,05,22,97,828",181,8,71,19.09.22
8,Eminem,"30,43,18,61,291","4,16,50,31,640",301,5,65,19.09.22
9,Post Malone,"29,83,22,77,109","2,72,80,18,288",98,9,57,19.09.22
10,BTS,"28,53,34,58,128","32,32,05,288",262,1,98,19.09.22
11,J Balvin,"25,89,21,90,469","9,95,03,47,777",242,3,66,19.09.22
12,Kanye West,"25,53,51,19,184","5,76,71,53,127",239,1,63,20.09.22
13,Billie Eilish,"23,68,49,86,780",0,65,4,47,20.09.22
14,Juice WRLD,"23,11,40,66,243","3,75,19,41,085",116,3,60,19.09.22
15,Coldplay,"22,21,48,35,214",0,299,5,34,20.09.22
16,Dua Lipa,"22,18,62,90,470","34,97,50,231",198,7,36,19.09.22
17,Imagine Dragons,"21,81,22,18,476","6,54,00,698",189,4,41,19.09.22
18,XXXTENTACION,"21,72,67,99,289","2,66,46,63,104",144,7,44,18.09.22
19,Ozuna,"21,11,92,72,574","7,51,46,55,612",215,1,51,17.09.22
20,Khalid,"20,97,37,35,166","2,92,34,19,376",119,7,40,15.09.22
21,Rihanna,"20,76,12,26,681","6,67,70,97,087",278,2,46,19.09.22
22,Travis Scott,"20,56,64,27,073","9,66,21,07,113",113,4,49,17.09.22
23,Maroon 5,"19,95,25,66,778","18,447",240,7,31,17.09.22
24,David Guetta,"19,10,48,97,589","1,13,16,03,410",705,1,46,19.09.22
25,Shawn Mendes,"18,96,47,77,185","4,68,09,153",126,5,34,19.09.22
26,Bruno Mars,"18,20,12,85,113","3,87,45,62,483",81,5,32,06.09.22
27,Daddy Yankee,"18,07,56,04,863","5,65,63,94,885",360,4,44,16.09.22
28,Calvin Harris,"17,82,03,11,936","41,93,38,360",238,3,29,03.09.22
29,Kendrick Lamar,"17,65,07,26,013","8,64,77,63,108",121,2,41,19.09.22
30,Sam Smith,"16,88,38,63,013","27,73,49,953",145,4,31,19.09.22
31,Queen,"16,55,72,04,478","3,51,25,587",557,4,24,20.09.22
32,Beyoncé,"15,59,31,14,022","1,94,99,01,038",366,1,36,19.09.22
33,Adele,"15,56,12,19,687","7,41,07,163",71,5,28,19.09.22
34,Future,"15,55,28,49,123","9,25,59,46,718",504,1,29,17.09.22
35,One Direction,"15,49,97,95,436",0,124,0,45,19.09.22
36,The Chainsmokers,"15,48,46,77,966","40,09,19,869",197,4,27,13.09.22
37,Chris Brown,"15,44,00,15,429","7,78,77,59,348",427,0,38,19.09.22
38,Lady Gaga,"14,89,76,62,581","9,47,39,265",314,1,27,19.09.22
39,J. Cole,"14,84,98,57,590","3,30,90,86,106",137,1,39,20.09.22
40,Nicki Minaj,"14,74,41,00,678","10,55,85,01,637",171,2,35,19.09.22
41,Anuel AA,"14,36,47,36,608","4,59,25,55,695",160,1,35,19.09.22
42,Halsey,"14,15,17,26,087","2,45,98,31,429",180,3,24,12.09.22
43,The Beatles,"14,00,14,04,418",0,792,0,39,19.09.22
44,Selena Gomez,"13,90,53,83,000","2,07,53,30,489",140,3,24,19.09.22
45,Sia,"13,60,12,70,394","3,05,43,17,056",323,2,26,19.09.22
46,Maluma,"13,55,14,69,480","7,41,45,76,492",195,0,34,18.08.22
47,Harry Styles,"13,34,74,20,670",0,39,4,35,20.09.22
48,Marshmello,"13,04,93,27,287","64,17,14,533",163,4,19,15.09.22
49,Lil Uzi Vert,"12,98,57,04,210","8,23,51,41,311",140,1,33,19.09.22
50,Linkin Park,"12,97,07,59,855","4,78,51,519",350,2,30,18.09.22
51,Twenty One Pilots,"12,94,91,46,668",0,90,3,36,18.09.22
52,Rauw Alejandro,"12,91,40,88,970","1,92,44,90,635",182,0,34,18.09.22
53,Katy Perry,"12,63,14,77,879","1,21,77,14,183",180,0,30,19.09.22
54,Kygo,"12,51,90,97,847","1,13,32,63,396",107,1,30,09.09.22
55,Avicii,"12,48,48,75,427","45,69,87,347",248,3,18,20.09.22
56,Lana Del Rey,"12,45,79,76,768","80,13,14,209",166,0,37,19.09.22
57,Farruko,"11,98,38,25,654","6,53,19,90,862",343,1,31,31.07.22
58,Doja Cat,"11,97,33,61,879","1,66,90,29,614",85,3,25,19.09.22
59,Camila Cabello,"11,82,22,54,851","2,18,82,98,508",61,2,24,19.09.22
60,Jason Derulo,"11,26,26,94,386","74,21,44,326",197,0,28,08.09.22
61,Arctic Monkeys,"11,24,97,48,739",0,134,1,24,19.09.22
62,KAROL G,"11,17,73,77,040","55,37,32,559",85,2,29,20.09.22
63,Red Hot Chili Peppers,"11,00,59,93,478",0,266,0,17,18.09.22
64,Shakira,"10,78,26,31,210","1,25,55,91,184",232,1,25,19.09.22
65,Demi Lovato,"10,66,86,11,459","1,42,51,00,886",251,1,23,19.09.22
66,Miley Cyrus,"9,94,05,59,934","93,10,30,339",197,1,17,18.09.22
67,OneRepublic,"9,92,65,40,057","21,93,14,451",167,1,27,28.08.22
68,Nicky Jam,"9,86,11,55,500","9,05,25,17,716",220,0,27,31.07.22
69,Michael Jackson,"9,75,46,80,636","54,71,96,557",327,1,21,19.09.22
70,Lil Baby,"9,67,00,90,585","8,73,67,14,891",181,1,21,19.09.22
71,Myke Towers,"9,66,74,86,409","4,14,58,35,762",168,0,28,20.09.22
72,Charlie Puth,"9,57,06,32,839","23,13,91,689",109,3,14,20.09.22
73,Pitbull,"9,42,60,02,918","3,06,28,23,873",394,1,21,10.09.22
74,Martin Garrix,"9,39,02,13,325","8,77,15,051",199,2,19,17.09.22
75,Sebastian Yatra,"9,36,54,02,828","85,02,01,743",126,0,30,19.09.22
76,DaBaby,"9,32,63,24,913","4,75,73,36,377",157,2,18,18.09.22
77,21 Savage,"9,28,98,20,129","6,01,91,52,179",162,0,24,19.09.22
78,Mac Miller,"9,18,73,72,325","69,96,21,455",221,0,21,13.09.22
79,Panic! At The Disco,"9,10,74,46,450","66,96,06,481",146,1,20,06.09.22
80,Pop Smoke,"9,09,73,23,859","93,03,02,921",99,0,19,06.09.22
81,Cardi B,"9,06,63,63,643","6,16,39,98,179",70,2,18,17.09.22
82,Sech,"9,01,14,36,885","2,90,03,20,709",123,0,25,31.07.22
83,Lil Wayne,"8,97,01,28,688","14,16,02,44,567",476,0,19,17.09.22
84,Young Thug,"8,95,62,48,071","9,57,65,40,270",366,0,20,17.09.22
85,Olivia Rodrigo,"8,95,46,31,138","16,91,988",37,2,13,19.09.22
86,Metallica,"8,89,02,83,866","71,16,668",814,0,16,19.09.22
87,G-Eazy,"8,84,78,85,490","2,30,93,56,739",224,1,17,25.08.22
88,Ellie Goulding,"8,82,68,49,897","63,94,00,676",167,1,16,06.09.22
89,Lil Nas X,"8,77,81,49,366",0,34,3,11,16.09.22
90,Major Lazer,"8,75,87,54,488","61,40,69,138",269,3,14,05.09.22
91,Alan Walker,"8,72,79,32,813","1,85,24,90,942",170,1,18,01.09.22
92,Wiz Khalifa,"8,69,54,22,254","7,04,00,15,281",461,1,19,18.09.22
93,Lil Peep,"8,69,17,21,490","33,52,77,695",104,0,23,18.09.22
94,Diplo,"8,49,60,96,848","1,75,70,02,014",397,0,24,13.09.22
95,Fall Out Boy,"8,45,14,31,705","3,87,56,715",199,0,18,13.09.22
96,Elton John,"8,43,74,42,330","31,83,23,546",936,1,17,19.09.22
97,AC/DC,"8,28,34,20,177",0,313,3,10,19.09.22
98,P!nk,"8,24,38,02,966","66,37,99,734",227,0,23,18.09.22
99,John Mayer,"8,24,34,43,329","51,48,93,335",208,0,20,16.09.22
100,Logic,"8,22,11,59,539","1,94,03,69,157",193,1,14,11.09.22
101,Artist,Lead Streams,Feats,Tracks,1b,100m,Update
102,Migos,"8,21,27,30,428","3,41,37,43,336",283,0,18,20.09.22
103,Trippie Redd,"8,16,98,54,684","3,23,71,10,398",197,0,24,15.09.22
104,Gunna,"8,13,64,53,038","4,66,92,27,285",178,2,15,14.09.22
105,Tyga,"8,13,60,81,475","4,14,40,77,151",303,1,20,31.07.22
106,James Arthur,"8,09,46,63,482","7,73,43,574",147,1,14,18.09.22
107,Little Mix,"8,02,57,05,397","1,23,93,008",205,0,21,20.09.22
108,Macklemore,"7,93,47,84,607","8,30,73,903",103,1,13,20.09.22
109,ZAYN,"7,92,65,81,878","23,88,14,490",85,3,16,18.09.22
110,DJ Snake,"7,89,39,87,604","1,94,26,95,289",142,2,11,31.07.22
111,Lauv,"7,86,01,50,086","14,73,85,883",108,1,21,12.08.22
112,Kodak Black,"7,85,39,51,418","1,96,98,74,771",243,0,16,19.09.22
113,"Tyler, The Creator","7,85,25,72,852","1,59,20,57,360",154,0,21,18.09.22
114,Frank Ocean,"7,84,21,80,179","2,34,20,80,949",45,0,23,19.09.22
115,A$AP Rocky,"7,78,86,10,912","5,15,65,11,594",99,0,19,20.09.22
116,YoungBoy Never Broke Again,"7,76,27,62,379","1,35,50,24,452",416,0,8,19.09.22
117,NF,"7,71,54,73,739","13,58,47,234",81,1,18,12.09.22
118,Tiësto,"7,71,38,21,346","76,00,09,949",653,0,16,21.08.22
119,5 Seconds of Summer,"7,67,20,03,639","52,36,02,841",165,1,14,19.09.22
120,A Boogie Wit da Hoodie,"7,63,44,46,872","3,24,97,18,029",138,0,17,14.09.22
121,Zedd,"7,58,57,30,125","1,00,81,14,646",139,3,14,21.08.22
122,Romeo Santos,"7,48,55,43,396","1,12,50,11,362",146,0,21,16.09.22
123,Robin Schulz,"7,47,00,13,873","31,54,57,501",224,1,15,04.09.22
124,Green Day,"7,40,37,34,026","5,36,841",374,0,13,16.09.22
125,$uicideboy$,"7,39,20,60,042","25,55,81,637",313,0,13,18.09.22
126,Nirvana,"7,29,51,32,559","11,37,194",347,1,14,19.09.22
127,SZA,"7,26,92,04,057","2,14,79,63,882",49,2,18,19.09.22
128,Luis Miguel,"7,26,74,78,981","25,83,720",312,0,17,16.09.22
129,DJ Khaled,"7,26,26,08,327","19,57,27,208",186,1,14,02.09.22
130,Metro Boomin,"7,26,21,15,562","20,98,72,990",118,1,18,31.07.22
131,Justin Timberlake,"7,22,53,31,308","2,16,71,68,755",172,1,13,18.09.22
132,Bob Marley & The Wailers,"7,20,63,64,367","5,67,37,031",618,0,13,29.08.22
133,BLACKPINK,"7,20,63,60,244","52,63,46,942",103,0,22,19.09.22
134,Machine Gun Kelly,"7,17,55,06,952","1,01,79,93,010",141,0,14,15.09.22
135,blackbear,"7,10,79,87,469","1,74,32,47,445",162,1,14,22.08.22
136,Black Eyed Peas,"7,05,51,75,439","8,86,56,205",213,0,13,18.09.22
137,Anne-Marie,"6,99,52,84,822","79,77,00,433",136,3,12,19.09.22
138,Lewis Capaldi,"6,95,80,06,277","1,385",48,2,10,31.08.22
139,Clean Bandit,"6,95,63,64,284","2,46,77,721",176,3,10,31.07.22
140,JAY-Z,"6,92,38,40,435","5,95,92,18,358",306,0,13,17.09.22
141,Marília Mendonça,"6,90,90,01,088","1,54,92,17,519",122,0,23,20.09.22
142,Zara Larsson,"6,87,85,81,725","51,05,65,925",85,2,13,13.09.22
143,Bebe Rexha,"6,83,64,53,644","3,95,42,04,862",113,2,14,13.09.22
144,Anitta,"6,80,17,33,116","1,40,73,62,033",175,0,20,02.09.22
145,Enrique Iglesias,"6,76,42,28,183","34,06,75,073",282,0,13,18.09.22
146,Fleetwood Mac,"6,75,31,61,276","5,63,244",768,1,11,13.09.22
147,The Rolling Stones,"6,72,74,27,341","67,84,031","1,073",0,14,17.09.22
148,The Neighbourhood,"6,71,86,87,991","11,83,878",90,1,12,12.08.22
149,Pink Floyd,"6,71,47,80,376",0,436,0,13,16.09.22
150,Britney Spears,"6,67,14,86,096","68,94,81,019",292,0,19,19.09.22
151,Michael Bublé,"6,66,75,59,320","31,38,76,033",239,0,18,12.09.22
152,The Kid LAROI,"6,64,77,34,218","84,78,71,845",49,1,16,16.09.22
153,Guns N' Roses,"6,61,54,11,211","55,151",139,1,10,19.09.22
154,Flo Rida,"6,55,50,92,666","1,78,64,18,102",229,0,11,31.07.22
155,Camilo,"6,51,97,84,854","88,78,78,975",49,0,20,13.09.22
156,Ty Dolla $ign,"6,50,36,53,017","10,64,78,43,904",191,0,14,03.09.22
157,Kid Cudi,"6,48,88,63,340","1,50,57,42,485",160,0,12,08.09.22
158,Disney,"6,48,08,40,953","81,94,35,187",529,0,14,31.07.22
159,Becky G,"6,43,44,04,802","1,30,21,87,576",110,0,16,19.09.22
160,Jonas Blue,"6,42,20,49,491","11,13,88,929",165,0,9,31.07.22
161,Russ,"6,40,94,48,257","12,04,35,639",368,0,14,31.08.22
162,Luis Fonsi,"6,38,85,25,172","44,42,09,070",187,2,10,11.08.22
163,2Pac,"6,32,81,73,362","34,50,66,838",316,0,16,06.09.22
164,Reik,"6,32,78,03,667","33,01,77,113",172,0,16,31.07.22
165,50 Cent,"6,24,88,46,278","2,75,85,73,236",185,0,14,16.09.22
166,Childish Gambino,"6,24,77,35,359","60,44,15,192",86,1,13,18.08.22
167,Gorillaz,"6,24,34,17,623","13,29,013",283,0,11,17.09.22
168,Ava Max,"6,18,29,63,810","22,25,36,835",105,1,15,19.09.22
169,Jhay Cortez,"6,17,05,53,828","1,24,90,18,420",82,1,11,20.08.22
170,Bastille,"6,15,87,28,878","15,65,39,720",205,2,10,09.09.22
171,Joji,"6,15,07,74,573","72,34,33,712",52,0,17,19.09.22
172,Polo G,"6,13,61,58,071","2,09,50,79,434",75,0,14,31.07.22
173,Lorde,"6,00,69,34,967","28,65,23,906",57,0,19,19.09.22
174,Usher,"5,98,15,18,153","3,24,10,74,771",257,0,15,15.09.22
175,Hozier,"5,96,71,26,876",0,69,1,14,18.09.22
176,David Bowie,"5,96,09,76,370","3,50,86,750","1,315",1,12,13.09.22
177,Banda MS de Sergio Lizárraga,"5,92,48,56,095","55,20,822",216,0,19,31.07.22
178,Luke Combs,"5,89,01,99,848","15,03,84,172",68,0,15,21.08.22
179,Mariah Carey,"5,88,84,65,193","40,10,02,898",660,1,12,20.09.22
180,Skrillex,"5,88,17,56,686","1,64,08,65,351",149,0,14,31.07.22
181,Christian Nodal,"5,83,58,20,936","40,92,56,344",69,0,18,20.08.22
182,Big Sean,"5,79,10,66,758","6,18,95,67,932",153,0,13,04.09.22
183,The Killers,"5,77,45,50,053","3,59,729",213,1,11,18.09.22
184,Alessia Cara,"5,76,82,56,100","2,74,80,95,478",138,2,8,04.09.22
185,Foo Fighters,"5,76,12,40,710",0,237,0,12,15.09.22
186,Playboi Carti,"5,75,61,21,719","1,67,96,04,284",82,0,14,17.09.22
187,French Montana,"5,68,79,56,941","3,40,70,44,954",672,1,11,05.08.22
188,Tory Lanez,"5,65,75,31,451","2,62,29,81,646",256,0,12,08.09.22
189,U2,"5,62,22,27,589","30,33,72,985",522,0,8,18.09.22
190,Manuel Turizo,"5,61,09,07,877","2,31,16,37,889",66,0,17,26.08.22
191,Meek Mill,"5,60,95,38,227","1,90,05,50,120",440,0,9,12.09.22
192,Jack Harlow,"5,60,61,52,807","31,58,06,334",96,1,10,12.09.22
193,blink-182,"5,56,85,05,079","6,61,90,562",185,0,10,14.09.22
194,Led Zeppelin,"5,55,44,21,214","1,18,988",241,0,13,18.09.22
195,Daft Punk,"5,55,16,91,330","3,32,03,64,189",190,0,12,24.08.22
196,Radiohead,"5,53,13,24,257","22,06,126",233,0,8,18.09.22
197,Jorge & Mateus,"5,48,62,63,204","1,10,83,75,019",280,0,11,12.09.22
198,Henrique & Juliano,"5,46,69,63,460","81,27,48,773",177,0,14,12.09.22
199,Roddy Ricch,"5,44,63,54,074","3,48,99,78,704",61,1,15,20.09.22
200,Elvis Presley,"5,44,28,77,510","56,34,626","1,855",0,11,03.09.22
201,Meghan Trainor,"5,41,88,74,209","1,02,58,79,971",141,0,11,18.09.22
202,Artist,Lead Streams,Feats,Tracks,1b,100m,Update
203,Paulo Londra,"5,40,87,39,140","11,98,32,137",37,0,16,16.09.22
204,Labrinth,"5,40,83,85,063","39,65,87,742",149,0,14,31.07.22
205,John Legend,"5,38,44,05,995","2,40,31,69,234",249,1,8,31.07.22
206,Frank Sinatra,"5,38,20,91,415","7,70,42,747","2,171",0,13,14.08.22
207,Don Omar,"5,37,40,11,725","1,95,78,56,299",237,0,13,08.09.22
208,Morgan Wallen,"5,34,54,29,164","52,13,01,528",60,0,17,13.09.22
209,System Of A Down,"5,30,67,47,245","9,97,641",83,0,10,18.08.22
210,Megan Thee Stallion,"5,27,46,21,614","1,65,61,64,329",131,1,12,19.09.22
211,Rita Ora,"5,25,71,67,753","70,94,21,106",133,0,14,19.09.22
212,The 1975,"5,23,24,30,866","15,60,55,221",136,0,13,13.09.22
213,Rae Sremmurd,"5,22,69,74,030","54,40,47,899",62,0,13,08.09.22
214,Tame Impala,"5,21,40,42,684","17,40,98,397",101,1,11,20.09.22
215,Melanie Martinez,"5,19,41,99,440","52,32,238",58,0,17,19.09.22
216,TWICE,"5,18,15,86,735","3,94,96,270",220,0,13,17.09.22
217,Muse,"5,18,11,50,140","64,02,079",253,0,11,10.09.22
218,Gucci Mane,"5,17,94,22,858","4,90,58,65,217","2,117",0,5,17.08.22
219,Jack Johnson,"5,17,68,54,131","3,96,60,958",190,0,9,07.09.22
220,The Notorious B.I.G.,"5,17,19,77,853","69,95,74,957",185,0,12,31.07.22
221,Troye Sivan,"5,10,37,26,645","87,36,35,526",105,0,12,19.09.22
222,Bon Jovi,"5,10,13,38,141","13,35,247",329,1,9,17.09.22
223,Paramore,"5,09,53,48,178",0,114,0,11,14.09.22
224,Mumford & Sons,"5,08,81,24,853","1,87,47,880",121,0,12,15.09.22
225,ABBA,"5,00,41,52,913","1,46,654",160,0,14,01.09.22
226,6ix9ine,"4,98,89,07,666","1,11,73,26,282",57,0,16,14.09.22
227,Slipknot,"4,98,04,73,881",0,208,0,10,11.08.22
228,Bazzi,"4,94,11,86,159","6,25,40,256",39,0,12,31.07.22
229,Gusttavo Lima,"4,93,81,41,476","87,63,55,276",287,0,9,26.08.22
230,Oasis,"4,92,48,51,582","1,134",237,1,7,19.09.22
231,Morat,"4,91,96,40,815","43,61,78,161",74,0,15,31.08.22
232,Sean Paul,"4,91,09,36,441","3,85,39,99,824",400,0,10,31.07.22
233,Felix Jaehn,"4,90,13,74,743","19,45,35,961",172,1,12,31.07.22
234,The Lumineers,"4,89,47,19,810",0,86,0,8,29.08.22
235,Justin Quiles,"4,87,89,76,278","4,31,04,89,285",163,0,14,31.07.22
236,Dalex,"4,87,18,72,181","1,03,63,88,958",129,0,15,03.09.22
237,Duki,"4,86,95,37,547","93,77,57,024",147,0,13,12.09.22
238,Swae Lee,"4,83,69,29,180","5,69,26,66,319",59,1,10,31.07.22
239,Hailee Steinfeld,"4,81,58,45,560","60,67,12,238",31,1,10,19.09.22
240,Julia Michaels,"4,81,15,39,257","1,69,08,72,391",65,1,7,16.09.22
241,Rammstein,"4,78,17,10,534","37,62,124",245,0,10,27.08.22
242,Alicia Keys,"4,77,76,78,003","1,42,79,14,798",253,0,8,17.09.22
243,Alok,"4,73,80,18,362","23,14,88,539",212,0,12,29.08.22
244,Madonna,"4,71,87,47,892","13,88,10,390",762,0,7,20.09.22
245,Jess Glynne,"4,71,23,25,038","54,33,26,342",82,1,10,18.09.22
246,Zion & Lennox,"4,71,08,87,632","2,88,71,25,495",159,0,11,31.07.22
247,Disclosure,"4,69,01,14,197","2,42,81,620",186,0,7,31.07.22
248,Christina Aguilera,"4,68,60,00,540","1,80,85,85,763",281,0,9,19.08.22
249,Kings of Leon,"4,66,94,62,543",0,121,0,8,18.09.22
250,6LACK,"4,65,03,33,571","95,28,17,602",79,0,10,03.09.22
251,Cheat Codes,"4,62,93,05,378","31,39,02,252",151,0,7,31.07.22
252,Tove Lo,"4,62,92,78,952","1,36,02,59,448",144,0,7,09.09.22
253,Creedence Clearwater Revival,"4,62,35,95,600",0,145,0,11,23.08.22
254,Florence + The Machine,"4,61,47,59,836","3,78,905",160,0,9,18.09.22
255,Florida Georgia Line,"4,60,90,41,041","2,47,87,42,591",124,0,15,21.08.22
256,My Chemical Romance,"4,60,70,83,284",0,139,0,11,14.09.22
257,Alesso,"4,59,74,95,128","13,76,41,031",129,0,10,13.08.22
258,Arijit Singh,"4,57,35,67,798","93,94,97,796",572,0,4,01.09.22
259,Glass Animals,"4,55,41,59,224","44,23,329",109,1,6,15.09.22
260,The Script,"4,55,30,52,747","13,43,266",99,1,8,12.09.22
261,Zé Neto & Cristiano,"4,54,06,09,590","46,33,13,203",169,0,13,12.09.22
262,Whitney Houston,"4,51,95,61,495","1,42,22,939",282,0,9,19.09.22
263,Chance the Rapper,"4,51,72,23,691","3,11,89,21,754",105,0,12,05.09.22
264,Piso 21,"4,51,13,25,667","6,28,04,762",86,0,12,31.07.22
265,Five Finger Death Punch,"4,50,66,17,068",0,138,0,9,31.07.22
266,Bruce Springsteen,"4,48,04,64,759","4,73,13,864",821,0,10,11.09.22
267,Arcangel,"4,47,52,57,907","5,08,18,36,495",244,0,11,11.08.22
268,Nickelback,"4,46,92,99,972",0,150,0,12,06.09.22
269,Fifth Harmony,"4,46,89,44,634","18,42,40,949",75,1,7,19.09.22
270,Lenny Tavárez,"4,44,91,61,492","3,92,42,85,642",94,0,10,31.07.22
271,Jason Mraz,"4,43,91,48,339","9,88,04,484",238,1,6,31.07.22
272,Galantis,"4,42,76,21,050","10,21,39,066",243,0,8,31.07.22
273,Avril Lavigne,"4,41,89,87,832","2,55,67,335",154,0,10,10.09.22
274,Glee Cast,"4,37,59,31,294",0,723,0,0,23.08.22
275,Bring Me The Horizon,"4,37,28,94,185","8,57,29,842",141,0,11,19.09.22
276,Ne-Yo,"4,36,86,29,006","2,24,51,44,528",204,0,10,31.07.22
277,Lil Durk,"4,36,76,16,218","3,00,93,54,038",359,0,6,17.09.22
278,Kane Brown,"4,36,44,88,364","2,97,97,048",98,0,10,31.07.22
279,Kehlani,"4,36,16,26,721","2,02,89,69,469",124,0,10,09.08.22
280,Kevin Gates,"4,35,90,21,971","73,92,86,985",314,0,6,07.08.22
281,Niall Horan,"4,33,87,26,666","51,71,35,427",69,0,11,19.09.22
282,Bryson Tiller,"4,33,06,01,767","1,29,58,54,047",70,0,8,05.09.22
283,Jonas Brothers,"4,32,98,88,033","49,82,04,068",95,1,9,07.08.22
284,Bizarrap,"4,32,66,42,648","50,39,68,381",87,0,12,14.09.22
285,Capital Bra,"4,31,72,53,980","67,38,00,705",276,0,9,07.08.22
286,Lil Tjay,"4,31,30,86,274","1,88,41,83,028",65,0,11,31.07.22
287,Snoop Dogg,"4,30,02,03,668","6,19,28,58,304",726,1,7,25.08.22
288,Macklemore & Ryan Lewis,"4,29,05,29,937","42,65,483",48,1,6,04.09.22
289,Lil Tecca,"4,27,30,63,329","30,28,58,918",79,1,11,12.09.22
290,Luke Bryan,"4,26,71,28,439","54,08,70,550",149,0,14,01.08.22
291,Natti Natasha,"4,25,31,99,571","2,14,13,23,366",93,0,9,17.09.22
292,Wisin,"4,22,62,57,427","5,36,05,62,962",131,0,10,18.08.22
293,Aerosmith,"4,21,93,98,737",0,318,0,9,17.09.22
294,Vance Joy,"4,21,62,74,820",0,87,1,9,01.08.22
295,Kelly Clarkson,"4,20,61,90,955","23,10,77,825",329,0,8,20.09.22
296,Alejandro Fernández,"4,20,12,69,620","35,22,47,735",313,0,11,31.07.22
297,Stevie Wonder,"4,19,67,23,912","30,13,58,086",657,0,11,11.09.22
298,Jennifer Lopez,"4,18,67,96,728","1,09,72,79,258",240,0,13,18.09.22
299,Johnny Cash,"4,17,43,90,143","16,37,40,766","1,679",0,7,19.08.22
300,Maná,"4,11,99,64,379","6,37,57,921",220,0,12,18.08.22
301,Thomas Rhett,"4,11,28,32,625","24,75,74,441",120,0,15,09.08.22
302,Ryan Lewis,"4,11,03,55,782","4,33,71,022",33,1,6,31.07.22
303,Artist,Lead Streams,Feats,Tracks,1b,100m,Update
304,Hans Zimmer,"4,09,23,59,874","11,98,32,137","1,545",0,3,31.07.22
305,NAV,"4,08,84,99,280","39,65,87,742",117,0,10,08.09.22
306,Lil Pump,"4,05,46,27,650","2,40,31,69,234",74,0,10,31.07.22
307,Pearl Jam,"4,05,22,31,789","7,70,42,747","2,127",0,9,31.07.22
308,James Bay,"4,05,13,55,922","1,95,78,56,299",90,0,9,12.08.22
309,Disturbed,"4,03,48,57,022","52,13,01,528",173,0,6,31.07.22
310,YG,"4,03,42,06,176","9,97,641",198,0,8,31.07.22
311,Amy Winehouse,"4,02,41,61,318","1,65,61,64,329",157,0,7,17.09.22
312,Wisin & Yandel,"4,00,45,31,845","70,94,21,106",293,0,12,31.07.22
313,YNW Melly,"3,99,19,96,348","15,60,55,221",83,0,9,31.07.22
314,Lil Skies,"3,96,83,61,888","54,40,47,899",75,0,9,22.08.22
315,Nio Garcia,"3,96,04,30,779","17,40,98,397",124,0,7,31.07.22
316,Tones And I,"3,95,78,00,698","52,32,238",33,1,5,17.09.22
317,Kesha,"3,95,53,37,905","3,94,96,270",139,0,10,15.09.22
318,Backstreet Boys,"3,94,94,66,238","64,02,079",145,1,8,18.09.22
319,Aventura,"3,94,38,57,084","4,90,58,65,217",123,0,12,01.09.22
320,Flume,"3,94,20,56,858","3,96,60,958",145,0,9,31.07.22
321,Dr. Dre,"3,94,10,98,327","69,95,74,957",75,0,8,19.09.22
322,Miguel,"3,93,35,09,386","87,36,35,526",145,0,8,31.07.22
323,Jul,"3,93,14,52,487","13,35,247",572,0,0,18.09.22
324,Lizzo,"3,91,10,61,177",0,79,0,8,12.09.22
325,Billy Joel,"3,88,54,86,622","1,87,47,880",383,0,10,16.08.22
326,ROSALÍA,"3,87,11,06,303","1,46,654",61,0,8,20.09.22
327,Calibre 50,"3,85,97,23,768","1,11,73,26,282",226,0,10,25.08.22
328,Phil Collins,"3,83,67,85,174",0,339,0,9,14.08.22
329,Matheus & Kauan,"3,83,15,62,276","6,25,40,256",179,0,12,12.09.22
330,Akon,"3,81,30,17,846","87,63,55,276",207,0,9,31.07.22
331,Jason Aldean,"3,79,78,16,243","1,134",166,0,8,31.07.22
332,Eagles,"3,78,47,92,723","43,61,78,161",189,1,8,23.08.22
333,George Ezra,"3,74,59,77,355","3,85,39,99,824",76,0,7,07.09.22
334,Yandel,"3,73,17,24,067","19,45,35,961",175,0,9,31.07.22
335,Prince Royce,"3,72,43,76,964",0,127,0,10,31.07.22
336,The Offspring,"3,71,32,19,015","4,31,04,89,285",159,0,7,13.08.22
337,24kGoldn,"3,70,56,48,954","1,03,63,88,958",62,1,7,31.07.22
338,Three Days Grace,"3,69,86,65,397","93,77,57,024",96,0,8,31.07.22
339,Wesley Safadão,"3,69,83,14,476","5,69,26,66,319",283,0,6,31.07.22
340,Anderson .Paak,"3,69,41,45,511","60,67,12,238",152,0,5,31.07.22
341,The Strokes,"3,68,85,60,624","1,69,08,72,391",82,0,6,07.08.22
342,Don Toliver,"3,68,61,51,351","37,62,124",66,1,5,05.09.22
343,Conan Gray,"3,68,41,67,999","1,42,79,14,798",35,0,10,15.09.22
344,Dan + Shay,"3,68,06,53,230","23,14,88,539",73,0,9,03.08.22
345,Rex Orange County,"3,67,88,46,424","13,88,10,390",58,0,8,11.09.22
346,Jeremih,"3,67,47,42,679","54,33,26,342",140,0,8,24.08.22
347,benny blanco,"3,66,14,50,439","2,88,71,25,495",23,1,7,04.09.22
348,Cartel De Santa,"3,65,55,52,123","2,42,81,620",136,0,10,10.09.22
349,Avenged Sevenfold,"3,63,46,93,374","1,80,85,85,763",163,0,9,31.07.22
350,Ricardo Arjona,"3,62,92,70,035",0,341,0,3,31.07.22
351,Céline Dion,"3,62,69,54,646","95,28,17,602",492,0,9,20.09.22
352,Ninho,"3,61,46,58,124","31,39,02,252",146,0,4,31.07.22
353,Måneskin,"3,60,39,94,073","1,36,02,59,448",33,1,7,19.09.22
354,Alejandro Sanz,"3,59,22,90,895",0,380,0,6,31.07.22
355,Lin-Manuel Miranda,"3,59,21,35,787","3,78,905",95,0,14,31.07.22
356,Ricky Martin,"3,56,81,96,300","2,47,87,42,591",278,0,8,15.09.22
357,Jessie J,"3,56,34,53,628",0,117,1,7,13.09.22
358,Lost Frequencies,"3,55,64,01,142","13,76,41,031",421,0,10,31.07.22
359,Danny Ocean,"3,54,15,87,214","93,94,97,796",61,1,8,10.09.22
360,Maiara & Maraisa,"3,53,19,76,169","44,23,329",156,0,12,10.08.22
361,Steve Aoki,"3,52,73,93,369","13,43,266",437,0,6,31.07.22
362,Lil Mosey,"3,51,75,85,999","46,33,13,203",50,1,5,31.07.22
363,Marc Anthony,"3,50,48,19,748","1,42,22,939",197,0,8,08.09.22
364,H.E.R.,"3,47,63,14,834","3,11,89,21,754",102,0,8,31.07.22
365,Nelly,"3,46,49,96,085","6,28,04,762",211,0,9,15.09.22
366,Charli XCX,"3,46,43,11,470",0,219,0,8,17.09.22
367,Pablo Alborán,"3,43,78,09,914","4,73,13,864",173,0,8,16.09.22
368,2 Chainz,"3,42,97,09,034","5,08,18,36,495",409,0,7,31.07.22
369,Train,"3,42,37,89,545",0,185,1,8,31.07.22
370,Passenger,"3,41,50,74,486","18,42,40,949",233,1,2,31.07.22
371,Lukas Graham,"3,41,07,90,500","3,92,42,85,642",66,1,4,31.07.22
372,Mark Ronson,"3,40,05,85,305","9,88,04,484",151,1,4,31.07.22
373,CNCO,"3,39,95,84,158","10,21,39,066",89,0,7,19.09.22
374,Foster The People,"3,39,33,89,914","2,55,67,335",96,1,7,31.07.22
375,Calum Scott,"3,39,22,00,109",0,84,0,6,31.07.22
376,Dire Straits,"3,39,04,27,781","8,57,29,842",107,0,5,19.09.22
377,Alec Benjamin,"3,38,95,30,976","2,24,51,44,528",46,1,8,26.08.22
378,Daniel Caesar,"3,38,72,18,135","3,00,93,54,038",37,0,8,31.07.22
379,Bee Gees,"3,38,31,27,730","2,97,97,048",470,0,6,27.08.22
380,Tate McRae,"3,37,16,16,079","2,02,89,69,469",53,0,8,10.09.22
381,Bryan Adams,"3,36,58,87,458","73,92,86,985",394,0,8,10.09.22
382,Summer Walker,"3,36,31,93,393","51,71,35,427",91,0,9,11.09.22
383,Trey Songz,"3,35,70,05,694","1,29,58,54,047",268,0,7,16.09.22
384,Bob Dylan,"3,35,29,60,099","49,82,04,068","1,308",0,6,13.09.22
385,Grupo Firme,"3,34,84,34,531","50,39,68,381",205,0,8,31.07.22
386,Armin van Buuren,"3,34,04,63,682","67,38,00,705","2,051",0,4,21.08.22
387,Rels B,"3,32,77,75,726","1,88,41,83,028",107,0,5,31.07.22
388,Boyce Avenue,"3,28,75,10,482","6,19,28,58,304",450,0,3,20.09.22
389,Pentatonix,"3,28,57,41,959","42,65,483",201,0,2,12.09.22
390,Ski Mask The Slump God,"3,27,60,18,075","30,28,58,918",73,0,7,19.09.22
391,R3HAB,"3,27,48,14,964","54,08,70,550",336,0,4,31.07.22
392,LANY,"3,27,03,35,409","2,14,13,23,366",86,0,8,17.08.22
393,Tainy,"3,25,53,57,184","5,36,05,62,962",44,1,5,06.09.22
394,PARTYNEXTDOOR,"3,24,30,38,851",0,80,0,9,31.07.22
395,La Arrolladora Banda El Limón De Rene Camacho,"3,23,69,20,653",0,332,0,5,21.08.22
396,James Blunt,"3,22,69,77,012","23,10,77,825",172,0,6,31.07.22
397,The Police,"3,22,29,74,290","35,22,47,735",122,1,7,16.09.22
398,Cage The Elephant,"3,21,97,94,411","30,13,58,086",109,0,6,14.08.22
399,Fetty Wap,"3,21,73,62,515","1,09,72,79,258",138,0,7,06.08.22
400,Jeremy Zucker,"3,21,55,07,829","16,37,40,766",96,0,8,31.07.22
401,Dean Lewis,"3,21,25,55,492","6,37,57,921",48,1,6,31.07.22
402,John Williams,"3,21,11,35,011","24,75,74,441","2,410",0,2,31.07.22
403,Bibi Blocksberg,"3,20,75,03,226","4,33,71,022","5,203",0,0,08.07.22
404,Artist,Lead Streams,Feats,Tracks,1b,100m,Update
405,Outkast,"3,19,60,44,035","11,98,32,137",222,0,6,31.07.22
406,Becky Hill,"3,19,46,44,880","39,65,87,742",195,0,10,16.09.22
407,Sam Hunt,"3,18,98,88,914","2,40,31,69,234",61,0,8,31.07.22
408,Sigala,"3,18,29,31,037","7,70,42,747",118,0,9,31.07.22
409,Carlos Vives,"3,18,18,77,775","1,95,78,56,299",276,0,6,31.07.22
410,Jhené Aiko,"3,17,86,45,401","52,13,01,528",114,0,7,19.09.22
411,Rudimental,"3,16,04,82,589","9,97,641",208,0,6,31.07.22
412,ScHoolboy Q,"3,14,74,81,533","1,65,61,64,329",89,0,8,31.07.22
413,Marvin Gaye,"3,14,38,36,699","70,94,21,106",750,0,7,31.07.22
414,Offset,"3,14,15,68,579","15,60,55,221",53,1,7,15.09.22
415,Stray Kids,"3,12,02,44,998","54,40,47,899",169,0,5,19.09.22
416,Sam Feldt,"3,10,76,99,941","17,40,98,397",173,0,6,31.07.22
417,Iron Maiden,"3,10,35,89,124","52,32,238",426,0,7,19.09.22
418,Zac Brown Band,"3,10,05,96,570","3,94,96,270",141,0,7,31.07.22
419,Jax Jones,"3,08,07,00,501","64,02,079",89,0,12,31.07.22
420,ILLENIUM,"3,07,64,54,009","4,90,58,65,217",218,0,4,31.07.22
421,Joan Sebastian,"3,06,36,49,523","3,96,60,958",506,0,8,31.07.22
422,Hillsong Worship,"3,06,23,86,056","69,95,74,957",847,0,4,31.07.22
423,Kali Uchis,"3,05,55,43,671","87,36,35,526",67,0,4,20.09.22
424,Skillet,"3,05,09,96,601","13,35,247",195,0,7,01.09.22
425,Juanes,"3,04,67,14,537",0,201,0,8,31.07.22
426,Blake Shelton,"3,04,43,73,576","1,87,47,880",203,0,9,07.09.22
427,alt-J,"3,02,51,45,409","1,46,654",145,0,8,31.07.22
428,Chris Stapleton,"3,02,47,91,697","1,11,73,26,282",60,0,9,01.08.22
429,Lil Yachty,"3,02,30,49,234",0,190,0,6,31.07.22
430,Quavo,"3,02,21,33,428","6,25,40,256",85,0,8,14.09.22
431,Los Ángeles Azules,"3,02,09,57,267","87,63,55,276",303,0,6,15.08.22
432,NLE Choppa,"3,01,86,74,271","1,134",125,0,5,25.08.22
433,Feid,"3,00,94,97,561","43,61,78,161",146,0,5,16.09.22
434,Journey,"3,00,83,91,718","3,85,39,99,824",278,1,5,17.09.22
435,The Vamps,"3,00,61,39,960","19,45,35,961",148,0,8,31.07.22
436,BROCKHAMPTON,"3,00,21,68,774",0,113,0,5,31.07.22
437,Soda Stereo,"3,00,02,30,369","4,31,04,89,285",198,0,5,18.09.22
438,The Black Keys,"2,99,57,26,401","1,03,63,88,958",199,0,5,03.09.22
439,Liam Payne,"2,99,06,01,102","93,77,57,024",51,0,8,19.09.22
440,Mike Posner,"2,98,70,16,135","5,69,26,66,319",183,1,4,26.08.22
441,Weezer,"2,97,09,62,554","60,67,12,238",271,0,4,24.08.22
442,Korn,"2,96,88,39,699","1,69,08,72,391",293,0,5,05.09.22
443,El Alfa,"2,96,60,87,446","37,62,124",193,0,9,16.09.22
444,Tim McGraw,"2,96,49,65,833","1,42,79,14,798",318,0,7,11.08.22
445,Madison Beer,"2,95,81,96,752","23,14,88,539",54,0,11,19.09.22
446,Imanbek,"2,95,71,90,912","13,88,10,390",65,1,5,08.09.22
447,Rise Against,"2,95,50,84,542","54,33,26,342",185,0,5,04.09.22
448,The Doors,"2,95,35,74,273","2,88,71,25,495",724,0,7,11.09.22
449,Maren Morris,"2,94,08,19,852","2,42,81,620",68,1,6,31.07.22
450,Mau y Ricky,"2,93,69,36,952","1,80,85,85,763",66,0,6,31.07.22
451,Bon Iver,"2,92,82,47,210",0,50,0,7,31.07.22
452,RAF Camora,"2,92,66,53,996","95,28,17,602",369,0,5,31.07.22
453,Lunay,"2,92,51,62,457","31,39,02,252",59,0,9,18.08.22
454,Maria Becerra,"2,92,12,91,638","1,36,02,59,448",43,0,6,20.09.22
455,Carly Rae Jepsen,"2,92,10,86,654",0,141,0,5,19.09.22
456,Why Don't We,"2,91,76,38,636","3,78,905",99,0,8,19.08.22
457,Vicente Fernández,"2,91,05,74,978","2,47,87,42,591",865,0,4,31.07.22
458,A$AP Ferg,"2,90,34,70,782",0,96,0,6,11.09.22
459,Juan Gabriel,"2,90,18,46,633","13,76,41,031",482,0,5,31.07.22
460,JP Cooper,"2,89,52,91,874","93,94,97,796",144,0,4,31.07.22
461,PNL,"2,88,96,60,746","44,23,329",72,0,5,15.09.22
462,The Cure,"2,88,28,31,026","13,43,266",545,0,6,14.08.22
463,Mabel,"2,87,41,50,906","46,33,13,203",145,0,7,30.08.22
464,Birdy,"2,86,45,53,572","1,42,22,939",111,0,8,15.09.22
465,Papa Roach,"2,86,12,96,786","3,11,89,21,754",236,0,4,31.07.22
466,MARINA,"2,86,03,14,714","6,28,04,762",121,0,7,19.09.22
467,Jesse & Joy,"2,85,62,85,668",0,124,0,11,20.09.22
468,T.I.,"2,84,80,98,002","4,73,13,864",440,0,6,19.09.22
469,SAINt JHN,"2,84,16,51,735","5,08,18,36,495",55,1,3,31.07.22
470,Bradley Cooper,"2,83,25,55,130",0,12,1,4,18.09.22
471,Bonez MC,"2,81,51,82,209","18,42,40,949",166,0,5,31.07.22
472,Noah Cyrus,"2,81,33,40,209","3,92,42,85,642",74,0,6,19.09.22
473,C. Tangana,"2,80,84,96,289","9,88,04,484",81,0,9,18.09.22
474,MEDUZA,"2,80,64,88,850","10,21,39,066",55,0,5,31.07.22
475,Ludovico Einaudi,"2,79,13,67,383","2,55,67,335",565,0,5,31.07.22
476,Depeche Mode,"2,78,41,28,682",0,709,0,3,08.09.22
477,Destiny's Child,"2,77,51,87,867","8,57,29,842",183,0,8,17.09.22
478,Kenny Chesney,"2,77,28,27,226","2,24,51,44,528",277,0,3,10.08.22
479,Paul McCartney,"2,76,72,37,931","3,00,93,54,038",918,0,5,14.09.22
480,Eric Church,"2,75,93,12,007","2,97,97,048",286,0,4,31.07.22
481,Dave,"2,74,94,90,108","2,02,89,69,469",62,0,8,08.09.22
482,Eric Clapton,"2,74,73,10,452","73,92,86,985",698,0,6,15.09.22
483,KHEA,"2,74,30,45,197","51,71,35,427",81,0,9,18.09.22
484,EXO,"2,72,59,69,831","1,29,58,54,047",309,0,6,19.09.22
485,Simon & Garfunkel,"2,71,81,78,664","49,82,04,068",172,0,5,19.09.22
486,TINI,"2,71,73,01,467","50,39,68,381",71,0,8,19.09.22
487,Norah Jones,"2,71,47,88,741","67,38,00,705",297,0,4,11.08.22
488,Iggy Azalea,"2,70,39,50,724","1,88,41,83,028",108,0,6,08.09.22
489,George Michael,"2,70,31,00,036","6,19,28,58,304",185,0,4,19.09.22
490,Jay Wheeler,"2,70,14,43,856","42,65,483",146,0,3,06.09.22
491,De La Ghetto,"2,69,53,70,320","30,28,58,918",158,0,7,31.07.22
492,Nacho,"2,69,21,39,444","54,08,70,550",151,0,8,26.08.22
493,bbno$,"2,69,13,89,490","2,14,13,23,366",149,0,3,18.09.22
494,The Beach Boys,"2,68,73,73,992","5,36,05,62,962","1,528",0,7,08.08.22
495,The Game,"2,68,68,73,055",0,770,0,6,17.08.22
496,Bibi und Tina,"2,68,06,06,898",0,"3,509",0,0,30.06.22
497,Ufo361,"2,67,66,67,284","23,10,77,825",236,0,0,08.09.22
498,R.E.M.,"2,66,56,30,567","35,22,47,735",590,0,5,08.09.22
499,Aminé,"2,66,12,88,241","30,13,58,086",72,0,4,06.08.22
500,Normani,"2,65,84,70,073","1,09,72,79,258",17,1,4,12.09.22
501,AJR,"2,64,94,03,045","16,37,40,766",86,0,5,18.08.22
502,Christina Perri,"2,64,65,73,107","6,37,57,921",103,1,3,13.08.22
503,X Ambassadors,"2,62,16,85,116","24,75,74,441",119,0,4,25.08.22
504,Breaking Benjamin,"2,61,96,25,553","4,33,71,022",102,0,6,31.07.22
505,Artist,Lead Streams,Feats,Tracks,1b,100m,Update
506,"Earth, Wind & Fire","2,60,69,39,541","9,39,44,725",385,1,5,18.08.22
507,Hillsong UNITED,"2,59,98,12,772","14,14,13,805",366,0,2,01.08.22
508,Rod Wave,"2,59,81,43,018","7,21,80,826",136,0,3,08.09.22
509,Nick Jonas,"2,58,89,51,174","5,60,96,500",95,0,8,20.09.22
510,Rich The Kid,"2,58,75,83,439","1,86,04,30,328",166,0,4,29.08.22
511,Jimi Hendrix,"2,58,50,36,209","10,41,574",506,0,5,19.09.22
512,The Smiths,"2,58,27,82,853",0,143,0,6,13.09.22
513,Dermot Kennedy,"2,58,14,22,010",0,78,0,5,31.07.22
514,SEVENTEEN,"2,58,08,17,471",0,150,0,1,19.09.22
515,Milky Chance,"2,58,07,09,652","84,00,414",88,1,4,31.07.22
516,Volbeat,"2,57,94,98,906",0,205,0,5,31.07.22
517,TOTO,"2,57,58,74,146","30,27,807",391,1,4,08.08.22
518,Dimitri Vegas & Like Mike,"2,57,23,06,129","10,28,71,980",267,0,4,31.07.22
519,Sabrina Carpenter,"2,56,95,19,803","14,89,23,932",99,0,6,16.09.22
520,Robbie Williams,"2,55,71,79,105","2,24,18,993",429,0,6,17.09.22
521,Matoma,"2,55,54,08,299","30,03,74,829",126,0,5,31.07.22
522,Years & Years,"2,55,08,29,792","9,05,24,082",112,0,7,31.07.22
523,Mitski,"2,54,72,59,202","2,31,37,320",73,0,6,19.09.22
524,Jon Bellion,"2,54,32,85,648","34,43,51,614",84,0,5,31.07.22
525,The xx,"2,54,27,77,584","1,04,68,775",77,0,5,31.07.22
526,Van Morrison,"2,54,22,34,398","9,55,29,950",864,0,4,13.09.22
527,Nelly Furtado,"2,53,42,35,066","28,73,64,576",211,0,6,15.09.22
528,Luciano,"2,52,62,45,631","44,03,87,420",157,0,0,20.09.22
529,B.o.B,"2,52,50,38,408","1,27,45,78,007",431,0,7,31.07.22
530,T-Pain,"2,52,28,86,931","3,09,57,32,093",215,0,8,31.07.22
531,Lynyrd Skynyrd,"2,51,91,69,676","5,99,968",362,0,4,07.09.22
532,Stormzy,"2,50,04,82,085","99,75,92,500",69,0,7,21.08.22
533,Sfera Ebbasta,"2,49,60,62,465","1,27,60,58,719",89,0,1,27.08.22
534,Rick Ross,"2,49,11,75,711","4,97,02,43,020",340,0,4,31.07.22
535,Cali Y El Dandee,"2,49,05,92,473","21,40,13,480",74,0,9,31.07.22
536,Kid Ink,"2,48,91,30,300","2,81,62,80,604",198,0,8,31.07.22
537,Shinedown,"2,47,95,35,960","1,37,18,335",197,0,6,04.09.22
538,Natanael Cano,"2,47,54,63,509","22,51,14,570",135,0,6,12.09.22
539,Van Halen,"2,46,69,95,848","24,281",207,0,6,19.09.22
540,Limp Bizkit,"2,46,64,19,030","32,18,081",134,0,6,01.08.22
541,The Fray,"2,46,34,36,621","44,86,342",98,0,5,31.07.22
542,Samra,"2,46,13,80,410","40,35,00,820",120,0,3,19.09.22
543,The Cranberries,"2,46,08,68,337","27,25,658",264,0,4,27.08.22
544,Black Sabbath,"2,45,96,11,513","1,39,68,959",286,0,4,07.09.22
545,All Time Low,"2,45,93,97,211","15,85,127",212,0,2,31.07.22
546,DNCE,"2,45,87,58,461","5,48,41,242",36,1,4,31.07.22
547,El Fantasma,"2,45,78,87,099","6,52,81,602",210,0,6,21.08.22
548,Damso,"2,44,86,21,601","76,15,48,765",95,0,1,15.09.22
549,Andy Grammer,"2,43,16,29,519","49,62,513",79,0,5,31.07.22
550,Rage Against The Machine,"2,43,08,39,934",0,119,0,7,14.08.22
551,Luan Santana,"2,43,00,00,476","24,79,64,502",214,0,4,19.09.22
552,Aitana,"2,42,88,20,555","1,98,83,705",74,0,7,19.09.22
553,Juan Magán,"2,42,80,32,283","87,12,30,826",208,0,5,31.07.22
554,KYLE,"2,42,04,85,330","16,64,64,714",112,0,5,31.07.22
555,Keith Urban,"2,41,64,63,388","38,04,61,137",205,0,6,21.08.22
556,Joel Corry,"2,41,57,59,211","6,32,58,648",153,0,5,31.07.22
557,Daryl Hall & John Oates,"2,40,57,98,697","33,973",555,0,6,31.07.22
558,Sabaton,"2,39,96,79,054",0,313,0,2,15.09.22
559,MGMT,"2,39,66,10,713","1,03,84,72,738",86,0,5,31.07.22
560,Kodaline,"2,38,62,58,538","28,34,21,137",125,0,4,05.09.22
561,Aya Nakamura,"2,38,61,08,307","15,16,18,177",68,0,5,19.09.22
562,Plan B,"2,38,38,28,013","57,82,40,022",95,0,7,31.07.22
563,Rag'n'Bone Man,"2,38,20,13,837","7,90,32,903",138,0,3,31.07.22
564,Shaggy,"2,38,19,98,464","47,77,05,428",433,0,5,31.07.22
565,Of Monsters and Men,"2,38,02,80,721","33,18,019",63,0,5,13.09.22
566,Rod Stewart,"2,37,95,41,913","50,20,97,842",731,0,4,09.08.22
567,The White Stripes,"2,37,76,86,382",0,172,1,3,11.08.22
568,Hollywood Undead,"2,37,35,38,882","2,10,78,180",143,0,3,01.08.22
569,Mac DeMarco,"2,36,68,44,862","7,57,12,651",150,0,4,18.09.22
570,Gerardo Ortiz,"2,36,23,66,616","56,41,61,466",257,0,3,31.07.22
571,A Day To Remember,"2,35,77,11,163",0,135,0,4,31.07.22
572,Quinn XCII,"2,35,05,78,227","15,52,01,156",85,0,5,31.07.22
573,Ice Cube,"2,34,49,00,860","28,74,02,247",292,0,5,31.07.22
574,Clairo,"2,34,09,31,623","75,12,81,514",25,0,7,31.07.22
575,Swedish House Mafia,"2,34,07,27,040","1,28,20,948",58,0,6,31.07.22
576,League of Legends,"2,34,00,11,159","1,93,48,25,362",495,0,6,18.09.22
577,Eladio Carrion,"2,33,90,40,331","40,40,20,084",147,0,4,13.09.22
578,Lofi Fruits Music,"2,32,99,99,921","10,60,66,268","1,010",0,0,31.07.22
579,Prince,"2,32,79,65,052","32,81,243",835,0,5,24.08.22
580,Os Barões Da Pisadinha,"2,32,59,67,532","57,19,67,470",160,0,6,31.07.22
581,Brytiago,"2,32,57,68,055","2,04,68,57,334",85,0,5,08.09.22
582,Casper Magico,"2,32,46,73,947","19,44,00,208",95,0,5,31.07.22
583,José José,"2,32,35,17,374","14,90,57,243",525,0,2,31.07.22
584,Evanescence,"2,32,00,82,358",0,110,0,4,12.09.22
585,Sublime,"2,31,78,31,260",0,219,0,5,31.07.22
586,Die drei !!!,"2,31,70,17,983",0,"3,275",0,0,31.07.22
587,Tom Odell,"2,31,32,90,532","4,39,63,745",131,1,3,10.09.22
588,GIMS,"2,31,10,19,564","29,46,23,436",179,0,4,31.07.22
589,Chencho Corleone,"2,30,76,20,270","1,85,07,68,207",21,0,6,11.09.22
590,Cigarettes After Sex,"2,29,70,49,191",0,30,0,6,30.08.22
591,Bryant Myers,"2,29,69,87,693","2,21,17,93,211",102,0,5,31.07.22
592,Axwell /\ Ingrosso,"2,29,56,22,491",0,47,1,5,31.07.22
593,Red Velvet,"2,29,39,93,571","1,49,95,635",131,0,5,19.09.22
594,George Strait,"2,29,33,05,564","3,61,61,867",444,0,2,31.07.22
595,Carlos Rivera,"2,29,11,58,958","50,76,36,763",210,0,5,31.07.22
596,Carrie Underwood,"2,28,76,77,862","39,07,96,945",170,0,3,18.09.22
597,Enya,"2,28,12,84,138","34,29,37,830",145,0,4,10.08.22
598,Pedro Capó,"2,27,71,24,460","18,14,75,492",71,1,5,31.07.22
599,girl in red,"2,26,44,64,619","60,43,639",29,0,6,15.09.22
600,Aretha Franklin,"2,25,93,73,196","89,60,966",900,0,4,31.07.22
601,Ozzy Osbourne,"2,25,85,51,820","6,68,42,960",231,0,3,19.09.22
602,Scorpions,"2,25,74,65,297",0,345,0,5,05.09.22
603,Nas,"2,25,50,35,088","89,03,52,457",339,0,4,04.09.22
604,ODESZA,"2,25,11,41,203","12,81,74,755",170,0,4,31.07.22
605,Joyner Lucas,"2,25,07,54,960","14,60,02,559",87,0,6,11.09.22
606,Artist,Lead Streams,Feats,Tracks,1b,100m,Update
607,Ali Gatie,"2,23,67,69,112","22,70,763",54,0,4,19.08.22
608,Mustard,"2,23,45,05,311","1,98,65,62,902",74,0,4,31.07.22
609,PnB Rock,"2,22,89,93,718","1,85,99,97,166",116,0,5,12.09.22
610,Zoé,"2,22,71,59,139","1,21,25,790",193,0,6,31.07.22
611,Goodboys,"2,22,50,51,739","51,53,122",44,0,4,31.07.22
612,KISS,"2,22,25,50,482",0,510,0,4,17.08.22
613,WALK THE MOON,"2,21,32,55,179","10,38,49,073",98,1,3,31.07.22
614,Danna Paola,"2,21,21,42,768","7,27,25,046",103,0,6,19.09.22
615,Don Diablo,"2,20,06,28,570","10,55,84,811",248,0,1,31.07.22
616,Jorja Smith,"2,19,51,60,357","46,56,01,602",81,0,4,31.07.22
617,Los Tigres Del Norte,"2,19,50,87,945","18,23,74,635",639,0,1,31.07.22
618,Gryffin,"2,19,35,09,712","48,28,69,625",146,0,6,31.07.22
619,RAYE,"2,19,29,39,509","57,53,19,981",95,0,4,31.07.22
620,Junior H,"2,19,03,09,741","30,08,89,299",104,0,5,12.09.22
621,The Smashing Pumpkins,"2,17,29,54,938",0,418,0,6,19.09.22
622,Sum 41,"2,17,20,99,956","74,14,337",128,0,5,31.07.22
623,Alan Jackson,"2,16,83,05,190","9,00,85,724",269,0,2,11.08.22
624,Marco Antonio Solís,"2,16,70,56,600","68,65,49,494",201,0,5,31.07.22
625,WILLOW,"2,16,20,26,224","40,54,12,770",76,0,3,16.09.22
626,Ella Mai,"2,16,13,92,693","33,49,57,558",52,0,6,11.09.22
627,Marilyn Manson,"2,15,66,99,936","5,69,80,790",227,0,4,31.07.22
628,Joey Bada$$,"2,14,91,10,284","76,79,49,252",119,0,4,11.09.22
629,Lord Huron,"2,14,71,42,104",0,76,1,3,31.07.22
630,Sleeping At Last,"2,14,64,20,809","7,27,285",298,0,5,01.08.22
631,Astrid S,"2,14,50,22,194","13,10,55,141",107,0,5,04.09.22
632,TKKG,"2,14,13,87,313",0,"4,398",0,0,31.07.22
633,Sido,"2,14,10,06,547","52,25,02,437",368,0,2,31.07.22
634,TOMORROW X TOGETHER,"2,13,63,82,863",0,69,0,6,10.09.22
635,Colbie Caillat,"2,13,37,75,510","12,66,24,751",105,0,4,15.09.22
636,Banda El Recodo,"2,12,70,16,589","22,32,807",601,0,3,01.08.22
637,Rascal Flatts,"2,12,44,00,562","5,34,41,983",248,0,5,31.07.22
638,Dolly Parton,"2,12,25,03,850","17,36,26,251",978,0,4,09.08.22
639,3 Doors Down,"2,12,23,58,023","6,31,510",144,0,3,31.07.22
640,Wale,"2,11,73,59,552","1,52,02,75,780",353,0,4,07.09.22
641,Moneybagg Yo,"2,11,73,49,736","1,31,31,68,750",266,0,1,31.07.22
642,Electric Light Orchestra,"2,11,28,72,480","6,96,381",305,0,4,31.07.22
643,Two Door Cinema Club,"2,11,23,07,879","19,80,119",142,0,4,12.08.22
644,Hardwell,"2,10,99,14,592","36,09,47,672",462,0,1,31.07.22
645,Brent Faiyaz,"2,10,71,46,096","90,59,46,624",63,0,7,31.07.22
646,Chase Atlantic,"2,10,53,75,619","1,17,62,990",75,0,4,31.07.22
647,Kontra K,"2,10,33,18,066","21,99,24,638",301,0,1,31.07.22
648,iann dior,"2,10,29,22,842","2,29,13,68,890",55,0,5,31.07.22
649,Powfu,"2,09,23,77,791","18,65,20,817",73,1,1,31.07.22
650,Bethel Music,"2,09,20,86,801",0,312,0,0,31.07.22
651,JID,"2,08,96,52,973","79,79,04,614",70,0,4,07.09.22
652,Louis Tomlinson,"2,08,69,72,274",0,43,0,4,16.09.22
653,The Clash,"2,08,59,49,767",0,223,0,3,08.09.22
654,Noriel,"2,08,38,87,397","1,46,92,83,474",94,0,4,31.07.22
655,gnash,"2,08,36,38,974","30,30,83,754",84,1,2,31.07.22
656,MC Kevinho,"2,08,20,54,602","29,68,44,156",74,0,5,31.07.22
657,David Bisbal,"2,07,88,20,031","43,29,72,620",248,0,4,03.08.22
658,Pharrell Williams,"2,07,70,74,226","6,53,75,61,403",110,1,3,31.07.22
659,Gera MX,"2,07,13,89,389","52,71,68,213",184,0,1,28.08.22
660,Kacey Musgraves,"2,07,01,85,118","15,08,66,265",126,0,5,19.09.22
661,Luísa Sonza,"2,06,83,49,876","94,01,615",66,0,5,19.09.22
662,Leon Bridges,"2,06,47,76,224","80,99,60,704",78,0,5,31.07.22
663,Chief Keef,"2,06,42,87,110","62,50,82,456",575,0,5,18.09.22
664,Martin Jensen,"2,06,30,60,185","30,48,61,454",79,0,4,31.07.22
665,Stromae,"2,06,24,04,120","6,05,45,155",57,0,4,12.08.22
666,Annie Lennox,"2,06,23,40,171","97,54,428",306,0,3,02.09.22
667,Ruth B.,"2,05,79,84,888",0,48,0,5,31.07.22
668,NEFFEX,"2,05,65,83,318","8,24,121",213,0,3,31.07.22
669,Duran Duran,"2,05,29,57,469",0,483,0,5,09.08.22
670,Jaden,"2,05,04,32,169","1,46,08,30,445",110,0,2,31.07.22
671,Bing Crosby,"2,04,39,24,592","84,62,632","1,345",0,7,31.07.22
672,Seeb,"2,04,34,77,578","1,67,37,15,968",112,0,5,31.07.22
673,Ms. Lauryn Hill,"2,04,06,46,969","35,35,28,858",89,0,5,11.08.22
674,Arizona Zervas,"2,03,96,90,926","3,56,97,483",37,1,2,31.07.22
675,Santa Fe Klan,"2,03,91,38,179","54,14,93,142",217,0,5,18.08.22
676,Miracle Tones,"2,03,10,04,961",0,126,0,0,31.07.22
677,Regard,"2,02,91,33,220",0,42,1,4,31.07.22
678,Westlife,"2,02,60,58,221","39,635",231,0,3,09.09.22
679,The Kooks,"2,02,42,54,904",0,249,0,5,11.09.22
680,Mike WiLL Made-It,"2,02,14,77,415","34,54,22,787",144,0,6,15.08.22
681,Elevation Worship,"2,01,95,84,095","2,20,54,975",255,0,2,31.07.22
682,Internet Money,"2,01,85,84,676","37,26,81,646",43,1,5,31.07.22
683,M83,"2,01,51,40,978","1,62,90,793",237,0,3,31.07.22
684,Portugal. The Man,"2,00,31,83,409","5,07,54,902",195,1,1,31.07.22
685,R. Kelly,"2,00,20,13,664","40,93,79,157",363,0,2,31.07.22
686,Saweetie,"2,00,00,89,741","59,57,52,335",73,0,4,01.09.22
687,Dilsinho,"1,99,64,37,258","41,17,83,927",195,0,5,12.09.22
688,Charlie Brown Jr.,"1,99,55,56,424","3,90,48,849",278,0,4,17.08.22
689,Ha*Ash,"1,98,98,02,115","49,06,46,007",131,0,4,01.09.22
690,Gwen Stefani,"1,98,88,99,782","1,07,39,41,569",99,0,4,17.09.22
691,Mötley Crüe,"1,98,65,16,487",0,238,0,5,19.09.22
692,Jessie Reyez,"1,98,23,50,944","51,25,34,113",73,0,4,16.09.22
693,Owl City,"1,98,00,70,565","9,37,09,322",111,0,2,31.07.22
694,Apache 207,"1,97,74,81,576","12,62,06,018",46,0,5,31.07.22
695,Nekfeu,"1,97,72,45,131","51,88,67,756",98,0,0,20.08.22
696,Queens of the Stone Age,"1,97,38,61,331",0,140,0,5,31.07.22
697,Cosculluela,"1,97,35,00,286","1,06,80,89,499",159,0,5,31.07.22
698,Keane,"1,97,10,59,662","6,07,099",197,0,2,31.07.22
699,Tee Grizzley,"1,97,04,17,387","19,64,99,343",145,0,3,31.07.22
700,Ezhel,"1,96,94,46,772","19,47,25,091",64,0,3,08.09.22
701,Gigi D'Agostino,"1,96,10,13,546","11,53,536",423,1,3,31.07.22
702,DMX,"1,95,99,46,681","26,44,30,121",304,0,4,31.07.22
703,Bruno & Marrone,"1,95,98,75,993","23,06,37,427",428,0,2,31.07.22
704,Yung Gravy,"1,95,90,97,379","1,00,02,713",78,0,6,18.09.22
705,Desiigner,"1,95,55,14,520","54,87,95,846",55,1,2,31.07.22
706,Timmy Trumpet,"1,95,45,97,157","10,45,77,459",183,0,3,31.07.22
707,Artist,Lead Streams,Feats,Tracks,1b,100m,Update
708,Thirty Seconds To Mars,"1,95,44,98,523","4,79,31,016",84,0,4,04.09.22
709,Denzel Curry,"1,95,26,49,461","52,87,44,853",137,0,4,06.09.22
710,Jay Chou,"1,95,11,29,090","2,80,29,086",327,0,0,31.07.22
711,Chelsea Cutler,"1,95,08,99,986","45,21,81,568",95,0,4,31.07.22
712,Alex Rose,"1,94,91,66,634","53,77,89,626",82,0,4,31.07.22
713,Olly Murs,"1,94,64,78,736","4,78,18,752",179,0,4,16.09.22
714,Vampire Weekend,"1,94,55,73,015",0,74,0,2,31.07.22
715,Miranda Lambert,"1,93,88,43,377","21,23,18,887",208,0,5,17.09.22
716,Santana,"1,93,35,99,979","27,63,96,587",714,0,4,31.07.22
717,The Goo Goo Dolls,"1,93,33,99,868","3,15,062",279,1,3,07.09.22
718,Aloe Blacc,"1,93,08,56,165","25,17,30,315",217,0,4,31.07.22
719,Wham!,"1,93,07,85,286","8,61,833",36,0,2,23.08.22
720,Willy William,"1,93,04,91,419","35,52,30,752",82,1,3,31.07.22
721,MAX,"1,92,95,53,352","14,34,07,145",144,0,5,10.09.22
722,Dierks Bentley,"1,92,37,17,525","17,33,77,106",153,0,6,01.08.22
723,The Who,"1,92,31,65,495",0,881,0,6,11.09.22
724,Granular,"1,91,95,64,121",0,574,0,2,31.07.22
725,Stefflon Don,"1,91,48,06,534","34,56,33,899",86,0,6,18.08.22
726,La Oreja de Van Gogh,"1,91,23,11,819","6,61,13,877",183,0,3,31.07.22
727,OMI,"1,90,81,16,986","13,11,36,335",45,1,2,31.07.22
728,Alice In Chains,"1,90,21,25,921","1,71,453",162,0,5,03.09.22
729,Giveon,"1,90,10,77,447","58,93,10,224",32,0,4,12.09.22
730,John Lennon,"1,90,08,43,192","57,69,602",498,0,3,16.08.22
731,Los Temerarios,"1,89,92,41,961","1,83,284",322,0,0,06.08.22
732,Loud Luxury,"1,89,89,27,877","8,97,34,246",135,0,4,31.07.22
733,Ghostemane,"1,89,72,37,706","6,88,73,586",140,0,3,19.08.22
734,Snow Patrol,"1,89,71,70,969",0,191,0,3,09.08.22
735,beabadoobee,"1,89,32,81,518","1,24,12,498",76,1,2,06.09.22
736,Lee Brice,"1,89,32,16,404","1,48,98,633",97,0,6,31.07.22
737,Trevor Daniel,"1,89,31,64,011","20,78,26,260",50,1,2,31.07.22
738,James TW,"1,89,26,34,482","81,64,452",44,0,5,31.07.22
739,Louis Armstrong,"1,88,88,13,523","1,64,02,469","2,311",0,4,31.07.22
740,Beret,"1,88,74,19,481","5,49,47,411",50,0,3,31.07.22
741,Shania Twain,"1,88,57,81,696","18,20,41,753",187,0,4,17.09.22
742,Calle 13,"1,88,38,09,656","13,16,55,648",81,0,5,31.07.22
743,Booba,"1,88,02,81,066","67,81,85,823",247,0,0,31.07.22
744,Niska,"1,87,92,95,266","61,71,75,106",105,0,1,31.07.22
745,Ciara,"1,87,59,00,807","50,54,17,778",158,0,5,16.08.22
746,Incubus,"1,87,24,92,242","21,13,242",229,0,3,31.07.22
747,MØ,"1,86,78,86,470","3,38,88,86,631",124,0,4,31.07.22
748,Mon Laferte,"1,86,75,46,187","32,81,96,750",143,0,4,31.08.22
749,Conor Maynard,"1,86,72,93,612","37,14,87,728",137,0,3,31.07.22
750,Ella Fitzgerald,"1,86,52,09,139","1,25,14,602","2,120",0,2,09.08.22
751,Sting,"1,86,49,17,481","29,44,61,183",495,0,3,15.08.22
752,Vintage Culture,"1,86,34,60,359","3,53,04,995",205,0,2,31.07.22
753,Kevin Roldan,"1,86,04,23,142","47,97,71,429",147,0,2,31.07.22
754,Blueface,"1,85,60,41,642","61,71,80,661",98,0,4,18.09.22
755,Nat King Cole,"1,85,37,17,658","86,75,904","1,129",0,3,31.07.22
756,Yo Gotti,"1,85,29,43,310","1,31,11,94,792",494,0,2,31.07.22
757,Lady A,"1,85,06,37,526","13,86,95,513",229,0,5,31.07.22
758,Two Feet,"1,85,00,83,119","4,34,92,840",67,0,3,31.07.22
759,Thalia,"1,84,94,94,711","35,68,01,594",320,0,2,19.09.22
760,Taio Cruz,"1,84,90,88,545","2,70,54,116",94,0,4,19.08.22
761,Old Dominion,"1,84,68,26,397","53,26,630",85,0,7,09.08.22
762,Dean Martin,"1,83,99,50,779","1,19,73,306",696,0,5,31.07.22
763,Oliver Tree,"1,83,98,30,515","4,79,58,499",63,0,4,31.08.22
764,John Newman,"1,83,92,65,446","38,62,21,358",95,0,4,31.07.22
765,CRO,"1,83,79,87,132","18,63,26,829",163,0,2,19.08.22
766,PNAU,"1,83,71,43,273","47,95,294",113,1,3,18.09.22
767,ANAVITÓRIA,"1,83,64,87,394","24,74,66,567",79,0,3,18.09.22
768,Sara Bareilles,"1,82,92,09,796","8,25,46,640",194,0,5,15.09.22
769,Michael Silverman,"1,82,70,43,186","2,13,673",972,0,0,31.07.22
770,Burna Boy,"1,82,13,71,663","1,67,11,52,465",174,0,4,19.09.22
771,Surfaces,"1,81,98,02,511",0,70,0,1,31.07.22
772,Chayanne,"1,81,79,89,260","14,40,05,891",236,0,5,31.07.22
773,a-ha,"1,81,57,25,128","16,092",401,1,1,31.07.22
774,The Jackson 5,"1,81,41,48,449","24,68,100",347,0,5,24.08.22
775,Fergie,"1,81,30,98,972","20,61,40,442",82,0,5,31.07.22
776,The Pussycat Dolls,"1,81,30,39,711","2,61,29,902",56,0,5,02.09.22
777,Roxette,"1,81,02,53,500","3,06,912",465,0,4,14.08.22
778,Leona Lewis,"1,80,66,98,865","5,81,37,114",116,0,5,18.09.22
779,Matuê,"1,80,56,76,631","24,34,28,148",33,0,6,31.08.22
780,Natalia Lafourcade,"1,80,54,96,403","93,60,09,979",183,0,4,02.09.22
781,Mora,"1,80,51,58,864","34,85,03,971",76,0,2,16.08.22
782,Dynoro,"1,80,44,91,187","3,78,295",18,1,4,31.07.22
783,Los Tucanes De Tijuana,"1,80,40,35,346","52,31,518",737,0,1,01.08.22
784,AJ Tracey,"1,80,26,72,139","21,50,84,250",98,0,6,21.08.22
785,LUDMILLA,"1,79,97,62,330","46,60,90,779",178,0,2,19.09.22
786,Sean Kingston,"1,79,89,65,211","15,03,41,106",142,0,5,31.07.22
787,Guaynaa,"1,79,73,83,497","13,24,43,509",64,0,5,31.07.22
788,Steve Lacy,"1,79,45,56,932","63,25,08,531",46,0,4,20.09.22
789,Jon Pardi,"1,79,35,62,040","16,12,30,228",78,0,5,05.09.22
790,fun.,"1,79,27,18,438","2,03,986",26,0,3,31.07.22
791,Ben Howard,"1,79,06,17,769","11,25,328",60,0,4,20.09.22
792,Tears For Fears,"1,78,51,49,316","26,01,887",219,0,4,20.09.22
793,Mike Perry,"1,78,49,03,805","2,66,75,234",54,0,3,31.07.22
794,Lalo Ebratt,"1,77,36,83,414","8,41,41,405",60,0,7,31.07.22
795,Oliver Heldens,"1,77,32,43,390","25,35,17,935",145,0,3,31.07.22
796,Martin Solveig,"1,77,21,67,780","85,07,378",246,0,5,31.07.22
797,Nicki Nicole,"1,77,10,51,853","46,67,61,461",49,0,3,16.09.22
798,Darell,"1,76,84,64,822","4,78,03,07,242",133,0,4,31.07.22
799,CHVRCHES,"1,76,62,35,284","55,46,013",118,0,2,14.09.22
800,Julieta Venegas,"1,76,07,85,705","70,19,11,855",152,0,6,18.09.22
801,Kylie Minogue,"1,76,00,59,922","12,26,06,148",906,0,2,05.09.22
802,Gente De Zona,"1,75,66,31,831","1,40,34,04,663",126,0,3,31.07.22
803,Deftones,"1,75,01,74,564","1,89,667",139,0,2,19.08.22
804,Melendi,"1,74,99,60,220","19,01,48,048",184,0,2,31.07.22
805,Seether,"1,74,89,31,621",0,156,0,3,31.07.22
806,Baby Keem,"1,74,83,13,318","6,42,81,837",51,0,3,04.09.22
807,DJ Luian,"1,74,77,34,090","2,73,88,23,311",52,0,4,31.07.22
808,Artist,Lead Streams,Feats,Tracks,1b,100m,Update
809,MKTO,"1,74,69,63,141","1,44,29,939",29,0,2,31.07.22
810,Mambo Kingz,"1,74,50,59,565","2,49,96,18,695",37,0,5,31.07.22
811,Lionel Richie,"1,74,33,79,490","5,35,28,648",297,0,6,25.08.22
812,IU,"1,74,30,26,779","10,50,19,595",165,0,4,18.09.22
813,Lil Dicky,"1,74,18,21,934","12,76,83,917",23,0,5,31.07.22
814,Intocable,"1,74,15,54,669","2,09,85,489",317,0,2,14.08.22
815,Sin Bandera,"1,73,87,42,132","12,48,04,809",124,0,6,31.07.22
816,Daya,"1,73,53,78,090","2,13,18,30,037",45,0,4,31.07.22
817,Chris Young,"1,73,39,28,126","10,89,50,594",112,0,4,31.07.22
818,Tech N9ne,"1,73,32,62,095","66,45,67,305",451,0,2,31.07.22
819,Arcade Fire,"1,73,13,28,594",0,113,0,3,31.07.22
820,Rich Brian,"1,72,71,70,764","62,46,25,192",57,0,4,19.09.22
821,Mother Mother,"1,72,65,27,097","83,041",142,0,5,31.07.22
822,Yusuf / Cat Stevens,"1,72,65,12,987","1,91,18,011",332,0,5,16.09.22
823,Kina,"1,72,33,33,633","41,06,807",39,0,3,31.07.22
824,MAGIC!,"1,72,17,27,530","14,62,86,450",53,1,2,31.07.22
825,Greeicy,"1,72,02,59,336","5,03,35,675",60,0,5,31.08.22
826,Simple Plan,"1,71,96,42,286","21,31,621",128,0,4,05.09.22
827,Sofía Reyes,"1,71,91,04,610","22,63,57,631",61,0,3,10.09.22
828,Dido,"1,71,81,83,561","56,98,325",195,0,4,31.07.22
829,Paul Simon,"1,71,59,31,271","7,58,38,481",370,0,3,31.07.22
830,Dennis Lloyd,"1,71,55,31,867",0,48,0,3,31.07.22
831,Alfredo Olivas,"1,71,33,55,709","6,71,66,813",103,0,3,31.07.22
832,Wolfgang Amadeus Mozart,"1,71,26,07,320","52,75,689","11,475",0,0,31.07.22
833,Tiago PZK,"1,70,97,50,883","33,29,32,512",58,0,4,26.08.22
834,Pineapple StormTv,"1,70,79,06,194","15,41,95,292",215,0,3,31.07.22
835,DENNIS,"1,70,53,96,553","12,65,87,183",298,0,4,31.07.22
836,YUNGBLUD,"1,70,36,01,205","46,36,20,252",92,0,2,04.09.22
837,Summer Cem,"1,70,25,70,591","34,18,63,678",200,0,2,31.07.22
838,Sade,"1,70,11,16,678","14,52,396",113,0,4,05.09.22
839,Eslabon Armado,"1,69,91,14,472","1,37,24,576",90,0,2,31.07.22
840,Juan Luis Guerra 4.40,"1,69,59,01,682","81,08,78,616",208,0,2,16.09.22
841,La Adictiva Banda San José de Mesillas,"1,69,58,30,013","4,41,89,841",128,0,4,31.07.22
842,KSI,"1,69,53,58,834","2,78,38,370",116,0,4,01.09.22
843,Bullet For My Valentine,"1,69,48,04,867","31,403",177,0,2,23.08.22
844,Selena,"1,69,31,51,147","28,94,906",149,0,6,01.09.22
845,Jack Ü,"1,68,53,98,303","9,56,750",37,0,4,31.07.22
846,Nina Simone,"1,68,21,02,220","2,50,50,969",551,0,3,05.08.22
847,Kollegah,"1,67,69,87,056","10,95,22,515",569,0,0,07.08.22
848,Bea Miller,"1,67,52,18,584","1,16,40,03,726",42,0,4,18.08.22
849,Nipsey Hussle,"1,66,90,99,192","27,05,70,506",277,0,3,31.07.22
850,Cyndi Lauper,"1,66,81,52,364","71,13,334",219,0,3,15.09.22
851,Juicy J,"1,66,66,67,173","3,75,97,18,067",450,0,2,31.07.22
852,Max Richter,"1,66,60,56,201","43,626",992,0,0,31.07.22
853,Los Bukis,"1,66,53,01,634","73,60,162",252,0,1,31.07.22
854,Otis Redding,"1,66,41,95,345","15,03,23,645",337,0,3,31.07.22
855,Dominic Fike,"1,66,07,02,806","13,83,02,706",30,0,3,31.07.22
856,Kungs,"1,65,77,34,274","2,98,85,479",65,0,3,31.07.22
857,*NSYNC,"1,65,64,01,553","2,59,12,106",89,0,5,18.09.22
858,Jasmine Thompson,"1,65,13,09,359","95,96,72,838",116,0,3,31.07.22
859,Willie Nelson,"1,64,95,21,446","31,29,85,189","1,571",0,4,31.07.22
860,Tina Turner,"1,64,94,51,408","2,44,63,747",253,0,6,24.08.22
861,Yellow Claw,"1,64,61,56,795","8,82,56,933",263,0,2,31.07.22
862,Lily Allen,"1,64,33,94,520","34,84,77,457",115,0,4,14.08.22
863,will.i.am,"1,64,19,04,383","2,15,93,51,268",103,0,5,20.08.22
864,Sasha Alex Sloan,"1,63,71,38,656","35,60,62,491",55,0,3,13.09.22
865,Silk Sonic,"1,63,52,62,002",0,11,0,3,28.08.22
866,NCT 127,"1,63,31,45,081","4,70,37,951",138,0,2,19.09.22
867,deadmau5,"1,63,31,02,099","8,58,95,158",456,0,1,31.07.22
868,Benjamin Blümchen,"1,63,21,83,811",0,"6,109",0,0,31.07.22
869,Beastie Boys,"1,63,14,83,593","6,86,794",307,0,4,31.07.22
870,Ferrugem,"1,63,09,91,997","31,67,21,915",171,0,1,31.07.22
871,Trueno,"1,62,52,12,488","8,97,83,830",55,0,5,31.08.22
872,Tom Walker,"1,62,19,38,619","10,42,29,160",95,0,4,28.08.22
873,Angus & Julia Stone,"1,62,12,62,836","6,20,72,067",128,0,3,31.07.22
874,AURORA,"1,62,04,62,028","39,25,31,879",105,0,3,17.09.22
875,Wallows,"1,61,74,20,796",0,50,0,5,31.07.22
876,Bill Withers,"1,61,66,84,397","42,31,40,273",120,0,4,31.07.22
877,Camila,"1,61,48,88,793","11,88,40,374",100,0,4,31.07.22
878,The National,"1,61,27,89,597","10,10,50,937",209,0,1,10.09.22
879,ZZ Top,"1,60,98,88,997","84,795",279,0,4,16.09.22
880,KALEO,"1,60,92,14,165",0,29,0,3,31.07.22
881,Tracy Chapman,"1,60,39,55,839","8,63,29,695",102,0,4,18.08.22
882,Mary J. Blige,"1,60,38,23,302","2,07,26,49,813",395,0,2,31.07.22
883,Jowell & Randy,"1,59,87,82,161","88,29,87,056",173,0,3,31.07.22
884,Brad Paisley,"1,59,43,58,812","8,05,12,829",233,0,2,31.07.22
885,The Score,"1,59,04,92,855","20,29,439",66,0,5,31.07.22
886,Los Enanitos Verdes,"1,58,97,91,667","89,73,461",190,0,4,14.09.22
887,Gavin James,"1,58,90,66,720","6,78,35,427",119,0,3,31.07.22
888,Lenny Kravitz,"1,58,69,45,030","5,85,20,527",269,0,4,05.08.22
889,Tungevaag,"1,58,48,06,652","53,91,617",82,0,5,31.07.22
890,Frédéric Chopin,"1,58,09,87,576","11,63,362","9,790",0,0,06.08.21
891,Ramin Djawadi,"1,57,61,32,499","4,94,471","1,024",0,1,09.08.22
892,Tyler Childers,"1,57,58,79,683","3,18,75,984",62,0,5,26.08.22
893,Brett Young,"1,57,47,18,551","1,82,38,191",70,0,4,31.07.22
894,BØRNS,"1,57,31,09,788","1,77,90,746",44,0,3,31.07.22
895,Dadju,"1,57,07,82,544","44,90,80,594",112,0,1,31.07.22
896,Audioslave,"1,56,81,64,155",0,72,0,5,31.07.22
897,Olivia O'Brien,"1,56,72,68,080","1,46,33,63,938",55,0,3,05.08.22
898,Sleepy Hallow,"1,56,68,37,791","29,10,33,854",64,0,2,31.07.22
899,Banda Los Recoditos,"1,56,46,62,688","1,90,05,086",252,0,2,01.08.22
900,Kiiara,"1,56,10,88,103","28,90,81,952",73,0,3,04.09.22
901,Mr. Probz,"1,55,98,87,114","23,79,55,809",36,0,4,19.09.22
902,Sufjan Stevens,"1,55,98,39,764","4,80,19,760",439,0,3,09.09.22
903,Alvaro Soler,"1,55,88,33,906","4,64,16,870",101,0,4,31.07.22
904,Pink Sweat$,"1,55,83,51,053","5,84,75,674",57,0,3,31.07.22
905,King Von,"1,55,76,09,173","15,89,06,906",78,0,3,31.07.22
906,Diego & Victor Hugo,"1,55,73,34,571","2,30,88,565",139,0,6,18.09.22
907,Joaquín Sabina,"1,55,44,42,660","13,05,26,953",348,0,0,31.07.22
908,Ella Henderson,"1,55,34,12,941","36,91,25,542",115,0,3,16.09.22
909,Artist,Lead Streams,Feats,Tracks,1b,100m,Update
910,Blur,"1,55,16,92,610","20,342",356,0,2,08.08.22
911,Ofenbach,"1,55,09,40,003","10,49,12,624",83,0,4,31.07.22
912,Lykke Li,"1,54,99,63,169","10,04,08,098",105,0,4,31.07.22
913,Cher,"1,54,98,63,381","1,45,00,960",399,0,3,19.09.22
914,Lil Kleine,"1,54,91,45,488","34,78,65,948",120,0,0,16.09.22
915,(G)I-DLE,"1,54,91,07,296","48,46,360",68,0,5,19.09.22
916,Skepta,"1,54,51,59,107","1,54,42,72,815",146,0,2,12.09.22
917,Falling In Reverse,"1,54,47,40,243",0,65,0,2,31.07.22
918,Aleman,"1,54,38,45,576","40,75,19,473",151,0,2,31.07.22
919,Will Smith,"1,54,22,01,832","2,29,69,261",90,0,6,31.07.22
920,Kris Kross Amsterdam,"1,54,07,79,399","1,13,11,576",45,0,2,31.07.22
921,Salmo,"1,53,95,40,910","64,51,80,334",162,0,3,16.08.22
922,Toby Keith,"1,53,92,60,688","2,20,35,715",302,0,4,12.08.22
923,Timbaland,"1,53,87,40,572","2,17,28,17,649",156,0,5,09.08.22
924,Beach House,"1,53,78,37,100","21,01,262",107,0,2,06.09.22
925,Snakehips,"1,53,75,01,501","11,41,81,875",80,0,3,31.07.22
926,YOASOBI,"1,53,35,99,947",0,28,0,5,31.07.22
927,ITZY,"1,53,18,45,087",0,70,0,6,20.09.22
928,Pusha T,"1,53,08,16,646","1,66,90,08,782",123,0,2,05.08.22
929,Spice Girls,"1,53,07,66,752","7,05,376",106,0,4,05.09.22
930,Río Roma,"1,52,75,25,300","13,09,32,569",105,0,4,31.07.22
931,Bo Burnham,"1,52,72,12,746","2,73,881",103,0,2,02.09.22
932,Oh Wonder,"1,52,29,82,587","70,07,89,793",71,0,5,09.08.22
933,UB40,"1,52,02,29,534","20,93,977",436,0,3,31.07.22
934,Moby,"1,51,98,04,913","29,45,25,726",836,0,3,31.07.22
935,Andrea Bocelli,"1,51,80,57,850","6,38,60,756",592,0,3,08.09.22
936,Cash Cash,"1,51,62,24,156","12,20,82,586",163,0,4,31.07.22
937,Zendaya,"1,51,45,81,338","74,25,06,843",42,0,3,31.07.22
938,Topic,"1,51,41,11,730","99,59,46,509",70,0,1,31.07.22
939,John Denver,"1,51,27,62,331","84,72,293",594,0,3,31.07.22
940,BONES,"1,51,12,19,763","19,25,10,411",653,0,1,31.07.22
941,Natiruts,"1,51,08,21,450","2,16,90,077",216,0,1,31.07.22
942,TLC,"1,51,05,71,033","23,55,96,205",173,0,3,09.09.22
943,Gustavo Cerati,"1,50,98,10,094","20,42,09,748",163,0,3,31.07.22
944,LIT killah,"1,50,90,81,134","19,01,56,783",45,0,2,28.08.22
945,Alina Baraz,"1,50,65,24,901","2,90,78,869",76,0,3,09.08.22
946,Lauren Daigle,"1,50,65,08,915","14,59,87,139",67,0,3,31.07.22
947,Official HIGE DANdism,"1,50,60,88,256",0,144,0,4,31.07.22
948,Pixies,"1,50,53,25,659",0,856,0,3,04.09.22
949,Dread Mar I,"1,50,32,18,350","3,75,69,370",160,0,2,31.07.22
950,Mc Don Juan,"1,50,04,72,460","56,76,52,551",155,0,3,31.07.22
951,Thiaguinho,"1,49,84,17,630","22,58,12,024",249,0,0,31.07.22
952,Evaluna Montaner,"1,49,57,47,834","13,31,38,325",46,0,4,31.07.22
953,Capo Plaza,"1,49,49,55,350","79,84,26,969",78,0,1,04.09.22
954,MF DOOM,"1,49,43,66,089","10,24,12,043",424,0,2,31.07.22
955,Petit Biscuit,"1,49,41,85,761","2,24,98,758",86,0,1,31.07.22
956,Gloria Trevi,"1,49,36,26,591","17,92,47,041",278,0,2,19.09.22
957,Gym Class Heroes,"1,49,34,50,694",0,75,0,3,31.07.22
958,Maggie Lindemann,"1,49,25,24,310","35,18,587",40,0,2,19.09.22
959,Jeezy,"1,48,50,78,408","1,43,70,63,010",552,0,2,31.07.22
960,Talking Heads,"1,48,42,42,370",0,215,0,3,04.09.22
961,Bruno Martini,"1,48,29,24,670","2,77,49,916",105,0,4,26.08.22
962,Supertramp,"1,48,05,11,283","35,955",119,0,4,23.08.22
963,Hungria Hip Hop,"1,48,00,92,466","7,17,37,408",68,0,1,31.07.22
964,Wu-Tang Clan,"1,47,94,60,962","1,52,06,987",351,0,2,31.07.22
965,Vince Staples,"1,47,81,07,395","58,35,23,563",97,0,2,09.08.22
966,Brantley Gilbert,"1,47,72,81,228","12,70,58,982",117,0,2,31.07.22
967,Tori Kelly,"1,47,39,81,175","56,40,51,955",98,0,3,04.09.22
968,Counting Crows,"1,47,36,24,597","45,03,425",192,0,3,15.08.22
969,Marracash,"1,47,29,23,263","53,46,87,416",196,0,0,20.08.22
970,Foreigner,"1,46,89,72,124","3,54,623",284,0,4,04.09.22
971,Andrés Calamaro,"1,46,34,67,941","16,94,06,253",521,0,2,05.09.22
972,Tom Petty and the Heartbreakers,"1,46,30,07,847","37,03,828",248,0,3,03.09.22
973,Hombres G,"1,46,15,46,570","6,55,45,893",275,0,3,31.07.22
974,Lupe Fiasco,"1,45,89,13,538","28,41,82,379",182,0,3,20.09.22
975,$NOT,"1,45,65,94,009","11,03,24,095",58,0,3,31.07.22
976,Upchurch,"1,45,18,82,160","16,00,13,519",245,0,0,31.07.22
977,Canserbero,"1,45,17,62,300","2,05,76,666",88,0,3,06.08.22
978,ZHU,"1,45,03,64,098","5,39,33,968",120,0,2,31.07.22
979,Cristian Castro,"1,44,96,06,688","17,13,08,397",236,0,3,31.07.22
980,Megadeth,"1,44,90,01,793","7,85,779",419,0,2,14.09.22
981,D-Block Europe,"1,44,89,61,530","9,46,74,597",150,0,0,22.08.22
982,Bryce Vine,"1,44,49,48,521","45,90,271",81,0,4,31.07.22
983,Gustavo Mioto,"1,44,48,28,975","7,24,47,438",119,0,4,31.07.22
984,Showtek,"1,44,19,97,312","6,99,34,802",267,0,2,31.07.22
985,Pabllo Vittar,"1,44,09,38,225","30,78,06,312",125,0,2,24.08.22
986,Kelly Rowland,"1,43,97,18,750","61,44,05,577",126,0,3,16.08.22
987,The All-American Rejects,"1,43,90,69,693",0,86,0,4,31.07.22
988,Jack & Jack,"1,43,87,39,447","4,57,72,171",43,0,2,31.07.22
989,Ben&Ben,"1,43,74,89,824","1,78,25,818",57,0,4,31.08.22
990,The Head And The Heart,"1,43,69,17,213",0,95,0,4,31.07.22
991,ONE OK ROCK,"1,43,62,89,806","25,88,340",129,0,1,10.09.22
992,Melim,"1,43,58,84,104","8,98,83,469",85,0,3,26.08.22
993,Jacquees,"1,43,34,86,084","29,70,96,889",120,0,2,13.09.22
994,RÜFÜS DU SOL,"1,43,12,66,723","1,11,03,276",148,0,2,31.07.22
995,SCH,"1,43,01,89,357","65,01,33,345",114,0,0,31.07.22
996,Young the Giant,"1,42,97,79,508",0,78,0,3,26.08.22
997,Gemitaiz,"1,42,97,78,231","70,44,43,260",174,0,1,31.07.22
998,Central Cee,"1,42,86,46,963","87,20,636",49,0,5,20.09.22
999,Empire of the Sun,"1,42,84,82,992","23,06,76,529",108,0,3,31.07.22
1000,Alanis Morissette,"1,42,68,36,551","4,94,969",300,0,3,16.09.22
1001,Icona Pop,"1,42,66,80,056","22,27,97,489",121,0,3,31.07.22
1002,Dustin Lynch,"1,42,61,54,511","1,10,48,052",83,0,4,07.08.22
1003,The Temptations,"1,42,59,42,696","6,47,81,659",732,0,3,05.08.22
1004,Simone & Simaria,"1,42,53,39,491","23,89,59,423",122,0,4,31.08.22
1005,Gotye,"1,42,45,91,618","1,05,76,378",46,1,1,31.07.22
1006,NIKI,"1,42,29,20,850","23,14,05,433",55,0,4,14.09.22
1007,Duke Dumont,"1,42,20,96,182","2,46,22,115",121,0,2,31.07.22
1008,Laura Pausini,"1,42,16,22,604","29,32,91,443",434,0,0,13.09.22
1009,Beck,"1,42,05,97,420","8,38,71,063",300,0,1,17.08.22
